Course Code,Description,Start Date,End Date,Start Time,End Time,Day of Week,Hours,Weeks,Total Hours,Programme Area,Study Location,Address,Postcode,Latitude,Longitude,Level,Venue,Full Fee,Early Enrolment Fee,Year,Month
AC00001,Drawing & Painting - Improvers,17/09/2019,10/12/2019,13:00:00,15:00:00,Tuesday,2,12,24,"(AC) Art, Crafts and Sewing",Heath (CAL),"Free School Ln, Halifax",HX1 2PS,53.71241,-1.86307,,,,,2019,September
AC00002,Drawing & Painting - Improvers,19/09/2019,12/12/2019,18:30:00,20:30:00,Thursday,2,12,24,"(AC) Art, Crafts and Sewing",Heath (CAL),"Free School Ln, Halifax",HX1 2PS,53.71241,-1.86307,,,,,2019,September
AC00003,Painting (Mixed Media) - Improvers,18/09/2019,11/12/2019,13:00:00,15:00:00,Wednesday,2,12,24,"(AC) Art, Crafts and Sewing",Heath (CAL),"Free School Ln, Halifax",HX1 2PS,53.71241,-1.86307,,,,,2019,September
AC00004,Painting (Oils) - Advanced,19/09/2019,12/12/2019,13:00:00,15:00:00,Thursday,2,12,24,"(AC) Art, Crafts and Sewing",Heath (CAL),"Free School Ln, Halifax",HX1 2PS,53.71241,-1.86307,,,,,2019,September
AC00005,Painting (Watercolours) - Improvers,20/09/2019,13/12/2019,10:00:00,12:00:00,Friday,2,12,24,"(AC) Art, Crafts and Sewing",Heath (CAL),"Free School Ln, Halifax",HX1 2PS,53.71241,-1.86307,,,,,2019,September
AC00006,Sewing (Back to Basics) - Beginners,18/09/2019,11/12/2019,09:30:00,12:00:00,Wednesday,2.5,12,30,"(AC) Art, Crafts and Sewing",Heath (CAL),"Free School Ln, Halifax",HX1 2PS,53.71241,-1.86307,,,,,2019,September
AC00007,Sewing (Machine Skills) - Improvers,19/09/2019,12/12/2019,18:00:00,20:30:00,Thursday,2.5,12,30,"(AC) Art, Crafts and Sewing",Heath (CAL),"Free School Ln, Halifax",HX1 2PS,53.71241,-1.86307,,,,,2019,September
AC00008,Sewing (Fashionable & Modern Clothes) - Advanced,19/09/2019,12/12/2019,09:30:00,12:00:00,Thursday,2.5,12,30,"(AC) Art, Crafts and Sewing",Heath (CAL),"Free School Ln, Halifax",HX1 2PS,53.71241,-1.86307,,,,,2019,September
CC00002,Bridging English,09/11/2019,04/12/2019,10:00:00,12:00:00,Wednesday,2,12,24,(ENG) English,Heath (CAL),"Free School Ln, Halifax",HX1 2PS,53.71241,-1.86307,,,,,2019,November
CC00013,Maths (for learners with Dyslexia and Dyscalculia),09/10/2019,28/01/2020,13:00:00,15:30:00,Tuesday,2.5,18,45,(MAT) Maths,Heath (CAL),"Free School Ln, Halifax",HX1 2PS,53.71241,-1.86307,,,,,2019,October
CC00027,Driving Test Theory Preparation/ESOL,08/01/2019,29/08/2019,09:30:00,12:00:00,Thursday,2.5,5,12.5,(ESL) ESOL,Heath (CAL),"Free School Ln, Halifax",HX1 2PS,53.71241,-1.86307,,,,,2019,January
CZ00001,Get Ready for Life in the UK Test,19/09/2019,12/12/2019,18:00:00,20:30:00,Thursday,2.5,12,30,(CZ) Citizenship,Heath (CAL),"Free School Ln, Halifax",HX1 2PS,53.71241,-1.86307,,,,,2019,September
EM00001,Computers for Job Search,11/06/2019,11/12/2019,10:00:00,12:30:00,Wednesday,2.5,6,15,(EMP) Employability,Heath (CAL),"Free School Ln, Halifax",HX1 2PS,53.71241,-1.86307,,,,,2019,June
EM00002,Universal Credit & IT Skills,20/09/2019,25/10/2019,10:00:00,12:30:00,Friday,2.5,6,15,(EMP) Employability,Heath (CAL),"Free School Ln, Halifax",HX1 2PS,53.71241,-1.86307,,,,,2019,September
EM00003,Universal Credit & IT Skills,11/08/2019,13/12/2019,10:00:00,12:30:00,Friday,2.5,6,15,(EMP) Employability,Heath (CAL),"Free School Ln, Halifax",HX1 2PS,53.71241,-1.86307,,,,,2019,August
EM00004,Employability Skills (L1 Award),30/09/2019,09/12/2019,09:30:00,15:00:00,Monday,5,10,50,(EMP) Employability,Heath (CAL),"Free School Ln, Halifax",HX1 2PS,53.71241,-1.86307,,,,,2019,September
EN00001,Afternoon Tea,19/10/2019,19/10/2019,09:30:00,15:00:00,Saturday,5.5,1,5.5,(CKRY) Cookery,Heath (CAL),"Free School Ln, Halifax",HX1 2PS,53.71241,-1.86307,,,,,2019,October
EN00004,'Tis the Season,12/07/2019,07/12/2019,09:30:00,15:00:00,Saturday,5.5,1,5.5,(CKRY) Cookery,Heath (CAL),"Free School Ln, Halifax",HX1 2PS,53.71241,-1.86307,,,,,2019,July
EN00006,Makeup Masterclass (Taster),09/11/2019,11/09/2019,18:00:00,20:30:00,Wednesday,2.5,1,2.5,(BHT) Beauty and Holistic Therapies,Heath (CAL),"Free School Ln, Halifax",HX1 2PS,53.71241,-1.86307,,,,,2019,November
EN00007,Makeup Masterclass (Taster),13/09/2019,13/09/2019,10:00:00,12:30:00,Friday,2.5,1,2.5,(BHT) Beauty and Holistic Therapies,Heath (CAL),"Free School Ln, Halifax",HX1 2PS,53.71241,-1.86307,,,,,2019,September
EN00008,Makeup Masterclass (Taster),14/09/2019,14/09/2019,10:00:00,12:30:00,Saturday,2.5,1,2.5,(BHT) Beauty and Holistic Therapies,Heath (CAL),"Free School Ln, Halifax",HX1 2PS,53.71241,-1.86307,,,,,2019,September
EN00009,Family History - Beginners,11/08/2019,13/12/2019,10:00:00,12:00:00,Friday,2,6,12,(FAM) Family History,Heath (CAL),"Free School Ln, Halifax",HX1 2PS,53.71241,-1.86307,,,,,2019,August
EN00010,Cake Decorating - Improvers,11/06/2019,06/12/2019,18:30:00,20:30:00,Wednesday,2,6,12,(CKRY) Cookery,Heath (CAL),"Free School Ln, Halifax",HX1 2PS,53.71241,-1.86307,,,,,2019,June
EN00011,Family History - Taster,19/10/2019,19/10/2019,10:00:00,16:00:00,Saturday,6,1,6,(FAM) Family History,Heath (CAL),"Free School Ln, Halifax",HX1 2PS,53.71241,-1.86307,,,,,2019,October
EN00012,Makeup Skills - Beginners,20/09/2019,25/10/2019,10:00:00,12:30:00,Friday,2.5,6,15,(BHT) Beauty and Holistic Therapies,Heath (CAL),"Free School Ln, Halifax",HX1 2PS,53.71241,-1.86307,,,,,2019,September
IT00001,Computing (Beginners),17/09/2019,10/12/2019,13:30:00,15:30:00,Tuesday,2,12,24,(ITB) Digital Resilience (Non-accredited),Heath (CAL),"Free School Ln, Halifax",HX1 2PS,53.71241,-1.86307,,,,,2019,September
IT00002,Microsoft Office Skills (Improvers),18/09/2019,23/10/2019,13:30:00,15:30:00,Wednesday,2,6,12,(ITB) Digital Resilience (Non-accredited),Heath (CAL),"Free School Ln, Halifax",HX1 2PS,53.71241,-1.86307,,,,,2019,September
IT00003,Intro to Using PowerPoint Presentations (Beginners),11/06/2019,11/12/2019,13:30:00,15:30:00,Wednesday,2,6,12,(ITB) Digital Resilience (Non-accredited),Heath (CAL),"Free School Ln, Halifax",HX1 2PS,53.71241,-1.86307,,,,,2019,June
IT00004,Excel - Spreadsheet Software L1,09/10/2019,03/12/2019,10:00:00,12:30:00,Tuesday,2.5,12,30,(ITQ) Digital Based Qualifications,Heath (CAL),"Free School Ln, Halifax",HX1 2PS,53.71241,-1.86307,,,,,2019,October
IT00005,Word Processing L1,09/11/2019,04/12/2019,10:00:00,12:30:00,Wednesday,2.5,12,30,(ITQ) Digital Based Qualifications,Heath (CAL),"Free School Ln, Halifax",HX1 2PS,53.71241,-1.86307,,,,,2019,November
LD00001,"Healthy Lives, Healthy Minds",16/09/2019,09/12/2019,10:00:00,12:00:00,Monday,2,12,24,(LD) Courses for Adults with Learning Difficulties,Heath (CAL),"Free School Ln, Halifax",HX1 2PS,53.71241,-1.86307,,,,,2019,September
LD00002,Computing for Beginners,16/09/2019,11/12/2019,10:00:00,12:00:00,Monday,2,12,24,(LD) Courses for Adults with Learning Difficulties,Heath (CAL),"Free School Ln, Halifax",HX1 2PS,53.71241,-1.86307,,,,,2019,September
LD00003,Online Computing and the Internet for Beginners,16/09/2019,09/12/2019,13:00:00,15:00:00,Monday,2,12,24,(LD) Courses for Adults with Learning Difficulties,Heath (CAL),"Free School Ln, Halifax",HX1 2PS,53.71241,-1.86307,,,,,2019,September
LD00004,A Healthy Approach to Cooking and Eating,19/09/2019,12/12/2019,09:30:00,12:30:00,Thursday,3,12,36,(LD) Courses for Adults with Learning Difficulties,Heath (CAL),"Free School Ln, Halifax",HX1 2PS,53.71241,-1.86307,,,,,2019,September
LD00005,Famous Artists and Their Paintings,19/09/2019,12/12/2019,10:00:00,12:30:00,Thursday,2.5,12,30,(LD) Courses for Adults with Learning Difficulties,Heath (CAL),"Free School Ln, Halifax",HX1 2PS,53.71241,-1.86307,,,,,2019,September
LD00006,Illustration,17/09/2019,10/12/2019,10:00:00,12:30:00,Tuesday,2.5,12,30,(LD) Courses for Adults with Learning Difficulties,Heath (CAL),"Free School Ln, Halifax",HX1 2PS,53.71241,-1.86307,,,,,2019,September
LD00007,Making a Clock,18/09/2019,11/12/2019,10:00:00,12:30:00,Wednesday,2.5,12,30,(LD) Courses for Adults with Learning Difficulties,Heath (CAL),"Free School Ln, Halifax",HX1 2PS,53.71241,-1.86307,,,,,2019,September
LD00008,Noisy Art,18/09/2019,11/12/2019,13:30:00,16:00:00,Thursday,2.5,12,30,(LD) Courses for Adults with Learning Difficulties,Calderdale Music Trust,"Free School Ln, Halifax",HX1 2PS,53.71241,-1.86307,,,,,2019,September
LD00009,Seasonal Gardening,18/09/2019,11/12/2019,13:30:00,16:00:00,Wednesday,2.5,12,30,(LD) Courses for Adults with Learning Difficulties,Heath (CAL),"Free School Ln, Halifax",HX1 2PS,53.71241,-1.86307,,,,,2019,September
LD00010,Therapeutic Art,20/09/2019,13/12/2019,13:30:00,16:00:00,Friday,2.5,12,30,(LD) Courses for Adults with Learning Difficulties,Heath (CAL),"Free School Ln, Halifax",HX1 2PS,53.71241,-1.86307,,,,,2019,September
LD00011,Art - Five Day Offer,16/09/2019,09/12/2019,13:30:00,16:00:00,Monday,2.5,12,30,(LD) Courses for Adults with Learning Difficulties,Heath (CAL),"Free School Ln, Halifax",HX1 2PS,53.71241,-1.86307,,,,,2019,September
LD00012,Art - Five Day Offer,20/09/2019,13/12/2019,10:00:00,12:30:00,Friday,2.5,12,30,(LD) Courses for Adults with Learning Difficulties,Heath (CAL),"Free School Ln, Halifax",HX1 2PS,53.71241,-1.86307,,,,,2019,September
LD00013,A Healthy Approach to Baking,17/09/2019,10/12/2019,09:30:00,12:30:00,Tuesday,3,12,36,(LD) Courses for Adults with Learning Difficulties,Heath (CAL),"Free School Ln, Halifax",HX1 2PS,53.71241,-1.86307,,,,,2019,September
LD00014,A Healthy Approach to Cooking,17/09/2019,10/12/2019,13:30:00,15:30:00,Tuesday,2,12,24,(LD) Courses for Adults with Learning Difficulties,Heath (CAL),"Free School Ln, Halifax",HX1 2PS,53.71241,-1.86307,,,,,2019,September
LD00015,Healthy Winter Cookery,18/09/2019,11/12/2019,14:30:00,17:00:00,Wednesday,2.5,12,30,(LD) Courses for Adults with Learning Difficulties,Heath (CAL),"Free School Ln, Halifax",HX1 2PS,53.71241,-1.86307,,,,,2019,September
LD00016,English (LD),18/09/2019,11/12/2019,10:00:00,12:00:00,Wednesday,2,12,24,(LD) Courses for Adults with Learning Difficulties,Brighouse library,"Halifax Riad, Brighouse",HD6 2AF,53.70397,-1.78604,,,,,2019,September
LD00017,Maths (LD),18/09/2019,11/12/2019,13:00:00,15:00:00,Wednesday,2,12,24,(LD) Courses for Adults with Learning Difficulties,Brighouse library,"Halifax Riad, Brighouse",HD6 2AF,53.70397,-1.78604,,,,,2019,September
LD00018,English (LD),19/09/2019,19/12/2019,13:30:00,15:30:00,Thursday,2,12,24,(LD) Courses for Adults with Learning Difficulties,Heath (CAL),"Free School Ln, Halifax",HX1 2PS,53.71241,-1.86307,,,,,2019,September
LD00020,Drama,18/09/2019,11/12/2019,10:00:00,12:30:00,Wednesday,2.5,12,30,(LD) Courses for Adults with Learning Difficulties,Heath (CAL),"Free School Ln, Halifax",HX1 2PS,53.71241,-1.86307,,,,,2019,September
LE00001,Bridge for Beginners,19/09/2019,09/04/2020,19:00:00,21:30:00,Thursday,2.5,30,75,(LEI) Leisure,Halifax Bridge Club,"44 Prescott St, Halifax",HX1 2QW,53.71908,-1.86115,,,,,2019,September
LE00002,Bridge for Beginners,09/11/2019,01/04/2020,19:00:00,21:00:00,Wednesday,2,30,60,(LEI) Leisure,Brighouse Bridge Club,"The Assembly Rooms, 64 Briggate, Brighouse",HD6 1EF,53.70098,-1.78231,,,,,2019,November
ML00001,Latin (Specialist Learning Group),20/09/2019,29/11/2019,10:00:00,12:00:00,Friday,2,10,20,(MFL) Languages,Heath (CAL),"Free School Ln, Halifax",HX1 2PS,53.71241,-1.86307,,,,,2019,September
ML00002,Italian (Taster),09/12/2019,12/09/2019,10:00:00,12:00:00,Thursday,2,1,2,(MFL) Languages,Heath (CAL),"Free School Ln, Halifax",HX1 2PS,53.71241,-1.86307,,,,,2019,December
ML00003,Italian (Beginners - continuation),17/09/2019,04/02/2020,10:00:00,12:00:00,Tuesday,2,18,36,(MFL) Languages,Heath (CAL),"Free School Ln, Halifax",HX1 2PS,53.71241,-1.86307,,,,,2019,September
ML00004,Italian (Beginners),17/09/2019,04/02/2020,13:00:00,15:00:00,Tuesday,2,18,36,(MFL) Languages,Heath (CAL),"Free School Ln, Halifax",HX1 2PS,53.71241,-1.86307,,,,,2019,September
ML00005,Italian (Improvers),16/09/2019,03/02/2020,10:00:00,12:00:00,Monday,2,18,36,(MFL) Languages,Heath (CAL),"Free School Ln, Halifax",HX1 2PS,53.71241,-1.86307,,,,,2019,September
ML00006,Italian (Advanced),19/09/2019,06/02/2020,10:00:00,12:00:00,Thursday,2,18,36,(MFL) Languages,Heath (CAL),"Free School Ln, Halifax",HX1 2PS,53.71241,-1.86307,,,,,2019,September
ML00007,Spanish (Beginners),16/09/2019,21/10/2019,10:00:00,12:00:00,Monday,2,6,12,(MFL) Languages,Heath (CAL),"Free School Ln, Halifax",HX1 2PS,53.71241,-1.86307,,,,,2019,September
ML00008,Spanish (Beginners),18/09/2019,11/12/2019,18:30:00,20:30:00,Wednesday,2,12,24,(MFL) Languages,Heath (CAL),"Free School Ln, Halifax",HX1 2PS,53.71241,-1.86307,,,,,2019,September
ML00009,Spanish (Beginners),19/09/2019,12/12/2019,13:00:00,15:00:00,Thursday,2,12,24,(MFL) Languages,Heath (CAL),"Free School Ln, Halifax",HX1 2PS,53.71241,-1.86307,,,,,2019,September
ML00010,Spanish (Beginners),19/09/2019,12/12/2019,18:30:00,20:30:00,Thursday,2,12,24,(MFL) Languages,Heath (CAL),"Free School Ln, Halifax",HX1 2PS,53.71241,-1.86307,,,,,2019,September
ML00011,Spanish (Improvers),17/09/2019,10/12/2019,18:30:00,20:30:00,Tuesday,2,12,24,(MFL) Languages,Heath (CAL),"Free School Ln, Halifax",HX1 2PS,53.71241,-1.86307,,,,,2019,September
ML00012,Spanish (Improvers),18/09/2019,11/12/2019,10:00:00,12:00:00,Wednesday,2,12,24,(MFL) Languages,Heath (CAL),"Free School Ln, Halifax",HX1 2PS,53.71241,-1.86307,,,,,2019,September
ML00013,Spanish (Advanced),18/09/2019,11/12/2019,13:00:00,15:00:00,Wednesday,2,12,24,(MFL) Languages,Heath (CAL),"Free School Ln, Halifax",HX1 2PS,53.71241,-1.86307,,,,,2019,September
ML00014,Spanish (Specialist Learning Group),16/09/2019,25/11/2019,13:00:00,15:00:00,Monday,2,10,20,(MFL) Languages,Heath (CAL),"Free School Ln, Halifax",HX1 2PS,53.71241,-1.86307,,,,,2019,September
ML00015,Spanish (Specialist Learning Group),17/09/2019,26/11/2019,13:00:00,15:00:00,Tuesday,2,10,20,(MFL) Languages,Heath (CAL),"Free School Ln, Halifax",HX1 2PS,53.71241,-1.86307,,,,,2019,September
P00001,English Functional Skills (TODMORDEN),09/12/2019,30/01/2020,10:00:00,12:30:00,Thursday,2.5,18,45,(ENG) English,Todmorden Community College,"44 Burnley Rd, Todmorden",OL14 7BX,53.71587,-2.09817,,,,,2019,December
P00002,Maths Functional Skills (TODMORDEN),13/09/2019,31/01/2020,10:00:00,12:30:00,Thursday,2.5,18,45,(MAT) Maths,Todmorden Community College,"44 Burnley Rd, Todmorden",OL14 7BX,53.71587,-2.09817,,,,,2019,September
P00005,Maths Functional Skills - Fast-Track (HEATH),19/09/2019,21/11/2019,09:30:00,15:00:00,Thursday,5,9,45,(MAT) Maths,Heath (CAL),"Free School Ln, Halifax",HX1 2PS,53.71241,-1.86307,,,,,2019,September
P00006,English Functional Skills - Fast-Track (HEATH),17/09/2019,19/11/2019,09:30:00,15:00:00,Tuesday,5,9,45,(ENG) English,Heath (CAL),"Free School Ln, Halifax",HX1 2PS,53.71241,-1.86307,,,,,2019,September
P00007,English Functional Skills (MOUNT PELLON),09/11/2019,29/01/2020,09:30:00,12:00:00,Wednesday,2.5,18,45,(ENG) English,Mount Pellon Academy,"46 Blackwood Grove, Halifax",HX1 4RH,53.72695,-1.88438,,,,,2019,November
PP00001,Delivering Outstanding Customer Service (Quality Assured),18/09/2019,23/10/2019,13:00:00,16:00:00,Wednesday,3,6,18,(EMP) Employability,Heath (CAL),"Free School Ln, Halifax",HX1 2PS,53.71241,-1.86307,,,,,2019,September
PP00002,Breastfeeding Peer Support Training (Locala Community Partnership),09/10/2019,26/11/2019,18:30:00,20:30:00,Tuesday,2,11,22,(TRG) Training Other,Heath (CAL),"Free School Ln, Halifax",HX1 2PS,53.71241,-1.86307,,,,,2019,October
SE00001,Security,21/10/2019,25/10/2019,09:00:00,17:00:00,Monday-Friday,40,1,40,(SEC) Security,Heath (CAL),"Free School Ln, Halifax",HX1 2PS,53.71241,-1.86307,,,,,2019,October
SE00002,Security,12/02/2019,06/12/2019,09:00:00,17:00:00,Monday-Friday,40,1,40,(SEC) Security,Heath (CAL),"Free School Ln, Halifax",HX1 2PS,53.71241,-1.86307,,,,,2019,February
WP00001,Dyslexia Awareness,18/10/2019,25/10/2019,09:30:00,15:00:00,Friday,5,2,10,(TRG) Training Other,Heath (CAL),"Free School Ln, Halifax",HX1 2PS,53.71241,-1.86307,,,,,2019,October
WP00002,Food Safety,10/09/2019,16/10/2019,09:30:00,15:00:00,Wednesday,5,2,10,(FSA) Food Safety,Heath (CAL),"Free School Ln, Halifax",HX1 2PS,53.71241,-1.86307,,,,,2019,September
WP00003,Food Safety,20/11/2019,27/11/2019,09:30:00,15:00:00,Wednesday,5,2,10,(FSA) Food Safety,Heath (CAL),"Free School Ln, Halifax",HX1 2PS,53.71241,-1.86307,,,,,2019,November
WP00004,Paediatric First Aid,09/07/2019,14/09/2019,09:30:00,16:00:00,Saturday,6,2,12,(FAT) First Aid Training,Heath (CAL),"Free School Ln, Halifax",HX1 2PS,53.71241,-1.86307,,,,,2019,July
WP00005,Emergency First Aid at Work,09/09/2019,09/09/2019,09:30:00,16:00:00,Monday,6,1,6,(FAT) First Aid Training,Heath (CAL),"Free School Ln, Halifax",HX1 2PS,53.71241,-1.86307,,,,,2019,September
WP00006,Paediatric First Aid,24/09/2019,01/10/2019,09:30:00,16:00:00,Tuesday,6,2,12,(FAT) First Aid Training,Heath (CAL),"Free School Ln, Halifax",HX1 2PS,53.71241,-1.86307,,,,,2019,September
WP00007,Paediatric First Aid,10/03/2019,10/10/2019,09:30:00,16:00:00,Thursday,6,2,12,(FAT) First Aid Training,Heath (CAL),"Free School Ln, Halifax",HX1 2PS,53.71241,-1.86307,,,,,2019,March
WP00008,Emergency First Aid at Work,10/07/2019,07/10/2019,09:30:00,16:00:00,Monday,6,1,6,(FAT) First Aid Training,Heath (CAL),"Free School Ln, Halifax",HX1 2PS,53.71241,-1.86307,,,,,2019,July
WP00009,Paediatric First Aid,10/12/2019,19/10/2019,09:30:00,16:00:00,Saturday,6,2,12,(FAT) First Aid Training,Heath (CAL),"Free School Ln, Halifax",HX1 2PS,53.71241,-1.86307,,,,,2019,December
WP00010,Emergency First Aid at Work,15/10/2019,15/10/2019,09:30:00,16:00:00,Tuesday,6,1,6,(FAT) First Aid Training,Heath (CAL),"Free School Ln, Halifax",HX1 2PS,53.71241,-1.86307,,,,,2019,October
WP00011,First Aid at Work (Requalification),11/04/2019,11/11/2019,09:30:00,16:00:00,Monday,6,2,12,(FAT) First Aid Training,Heath (CAL),"Free School Ln, Halifax",HX1 2PS,53.71241,-1.86307,,,,,2019,April
WP00012,Paediatric First Aid,11/05/2019,12/11/2019,09:30:00,16:00:00,Tuesday,6,2,12,(FAT) First Aid Training,Heath (CAL),"Free School Ln, Halifax",HX1 2PS,53.71241,-1.86307,,,,,2019,May
WP00013,Paediatric First Aid,11/09/2019,16/11/2019,09:30:00,16:00:00,Saturday,6,2,12,(FAT) First Aid Training,Heath (CAL),"Free School Ln, Halifax",HX1 2PS,53.71241,-1.86307,,,,,2019,September
WP00014,Paediatric First Aid,19/11/2019,26/11/2019,09:30:00,16:00:00,Tuesday,6,2,12,(FAT) First Aid Training,Heath (CAL),"Free School Ln, Halifax",HX1 2PS,53.71241,-1.86307,,,,,2019,November
WP00015,Paediatric First Aid,21/11/2019,28/11/2019,09:30:00,16:00:00,Thursday,6,2,12,(FAT) First Aid Training,Heath (CAL),"Free School Ln, Halifax",HX1 2PS,53.71241,-1.86307,,,,,2019,November
WP00016,Paediatric First Aid,12/07/2019,14/12/2019,09:30:00,16:00:00,Saturday,6,2,12,(FAT) First Aid Training,Heath (CAL),"Free School Ln, Halifax",HX1 2PS,53.71241,-1.86307,,,,,2019,July
WP00017,Emergency First Aid at Work,12/09/2019,09/12/2019,09:30:00,16:00:00,Monday,6,1,6,(FAT) First Aid Training,Heath (CAL),"Free School Ln, Halifax",HX1 2PS,53.71241,-1.86307,,,,,2019,September
AC00009,Drawing & Painting ,01/07/2020,31/03/2020,13:00:00,15:00:00,,,12,24,,,"Free School Ln, Halifax",HX1 2PS,53.71241,-1.86307,Advanced,Heath (CAL),139.2,111.36,2020,July
AC00010,Drawing & Painting ,01/09/2020,02/04/2020,18:03:00,20:03:00,,,12,24,,,"Free School Ln, Halifax",HX1 2PS,53.71241,-1.86307,Advanced,Heath (CAL),139.2,111.36,2020,September
AC00011,Painting (Watercolours) ,01/10/2020,03/04/2020,10:00:00,12:00:00,,,12,24,,,"Free School Ln, Halifax",HX1 2PS,53.71241,-1.86307,Advanced,Heath (CAL),139.2,111.36,2020,October
AC00012,Drawing & Painting ,01/08/2020,01/04/2020,13:00:00,15:00:00,,,12,24,,,"Free School Ln, Halifax",HX1 2PS,53.71241,-1.86307,Beginners,Heath (CAL),91.2,72.96,2020,August
AC00013,Sewing (Machine Skills) ,01/09/2020,02/04/2020,18:00:00,20:03:00,,,12,30,,,"Free School Ln, Halifax",HX1 2PS,53.71241,-1.86307,Beginners,Heath (CAL),114,91.2,2020,September
AC00014,Sewing (Machine Skills) ,01/08/2020,01/04/2020,09:03:00,12:00:00,,,12,30,,,"Free School Ln, Halifax",HX1 2PS,53.71241,-1.86307,Improvers,Heath (CAL),144,115.2,2020,August
AC00015,Sewing (Modern Dress Making),01/09/2020,02/04/2020,09:03:00,12:00:00,,,12,30,,,"Free School Ln, Halifax",HX1 2PS,53.71241,-1.86307,Improvers,Heath (CAL),144,115.2,2020,September
AC00016,Painting (Oils) ,01/09/2020,02/04/2020,13:00:00,15:00:00,,,12,24,,,"Free School Ln, Halifax",HX1 2PS,53.71241,-1.86307,Specialised,Heath (CAL),204,163.2,2020,September
AC00017,Sewing (Machine Skills) ,22/04/2020,15/07/2020,09:03:00,12:00:00,,,12,30,,,"Free School Ln, Halifax",HX1 2PS,53.71241,-1.86307,Advanced,Heath (CAL),174,139.2,2020,April
AC00019,Drawing & Sketching,21/04/2020,30/06/2020,13:00:00,15:00:00,,,10,20,,,"Free School Ln, Halifax",HX1 2PS,53.71241,-1.86307,Beginners,Heath (CAL),76,60.8,2020,April
AC00021,Painting (Watercolours),24/04/2020,03/07/2020,10:00:00,12:00:00,,,9,18,,,"Free School Ln, Halifax",HX1 2PS,53.71241,-1.86307,Beginners,Heath (CAL),68.4,54.72,2020,April
AC00022,Drawing & Painting,23/04/2020,02/07/2020,18:00:00,20:00:00,,,10,20,,,"Free School Ln, Halifax",HX1 2PS,53.71241,-1.86307,Beginners,Heath (CAL),76,60.8,2020,April
AC00023,Drawing & Painting,22/04/2020,01/07/2020,13:00:00,15:00:00,,,10,20,,,"Free School Ln, Halifax",HX1 2PS,53.71241,-1.86307,Improvers,Heath (CAL),96,76.8,2020,April
AC00024,Sewing (Machine Skills) ,23/04/2020,16/07/2020,18:00:00,20:03:00,,,12,30,,,"Free School Ln, Halifax",HX1 2PS,53.71241,-1.86307,Improvers,Heath (CAL),144,115.2,2020,April
CC00007,Super Speaking and Listening (ESOL),01/07/2020,31/03/2020,18:03:00,20:03:00,,,12,24,,,"Free School Ln, Halifax",HX1 2PS,53.71241,-1.86307,Entry 2/3,Heath (CAL),75,60,2020,July
CC00008,ESOL Reading & Writing for Beginners ,01/08/2020,01/04/2020,13:00:00,15:00:00,,,12,24,,,"Free School Ln, Halifax",HX1 2PS,53.71241,-1.86307,Pre-Entry/E1,Heath (CAL),75,60,2020,August
CC00009,Super Speaking and Listening (ESOL),21/04/2020,14/07/2020,18:03:00,20:03:00,,,12,24,,,"Free School Ln, Halifax",HX1 2PS,53.71241,-1.86307,Entry 2/3,Heath (CAL),75,60,2020,April
CC00011,ESOL Chat for Beginners,22/04/2020,15/07/2020,13:00:00,15:00:00,,,12,24,,,"Free School Ln, Halifax",HX1 2PS,53.71241,-1.86307,Pre-Entry/E1,Heath (CAL),75,60,2020,April
CC00012,Step Up to English - Beginners,01/08/2020,01/04/2020,09:03:00,12:00:00,,,12,30,,,"Free School Ln, Halifax",HX1 2PS,53.71241,-1.86307,Entry,Heath (CAL),,,2020,August
CC00013,Maths (for learners with Dyslexia and Dyscalculia),09/10/2019,28/01/2020,13:00:00,15:03:00,,,18,45,,,"Free School Ln, Halifax",HX1 2PS,53.71241,-1.86307,Entry-L2,Heath (CAL),,0,2019,October
CC00014,English for Parents @The Space,01/07/2020,11/02/2020,09:03:00,12:00:00,,,6,15,,,"Burnsall Road, Rastrick, Brighouse",HD6 3JT,53.69009,-1.80299,Entry-L2,The Space @ Field Lane,,,2020,July
CC00015,Everday Maths for All @The Space,01/09/2020,13/02/2020,09:03:00,12:00:00,,,6,15,,,"Burnsall Road, Rastrick, Brighouse",HD6 3JT,53.69009,-1.80299,Entry-L2,The Space @ Field Lane,,,2020,September
CC00016,English Conversation @Queens Road,26/02/2020,01/04/2020,13:00:00,15:00:00,,,6,12,,,Halifax,HX1 4NE,53.72316,-1.88148,Beginners,Queens Road Neighbourhood Centre,,,2020,February
CC00017,English for Parents @The Space,25/02/2020,14/07/2020,09:03:00,12:00:00,,,18,54,,,"Burnsall Road, Rastrick, Brighouse",HD6 3JT,53.69009,-1.80299,Entry-L2,The Space @ Field Lane,,,2020,February
CC00018,English Conversation @Queens Road,22/04/2020,15/07/2020,13:00:00,15:00:00,,,12,24,,,Halifax,HX1 4NE,53.72316,-1.88148,Entry,Queens Road Neighbourhood Centre,,,2020,April
EM00005,Building Confidence for Work,20/01/2020,30/03/2020,13:03:00,15:03:00,,,10,20,,,"Free School Ln, Halifax",HX1 2PS,53.71241,-1.86307,Beginners,Heath (CAL),76,60.8,2020,January
EM00006,Building Confidence for Work,05/04/2020,13/07/2020,13:03:00,15:03:00,,,10,20,,,"Free School Ln, Halifax",HX1 2PS,53.71241,-1.86307,Beginners,Heath (CAL),76,60.8,2020,April
EN00002,Cake Decorating - Fun Fondant Figures,01/08/2020,12/02/2020,18:03:00,20:03:00,,,6,12,,,"Free School Ln, Halifax",HX1 2PS,53.71241,-1.86307,Advanced,Heath (CAL),93.6,74.88,2020,August
EN00003,Family History,28/02/2020,03/04/2020,10:00:00,12:00:00,,,6,12,,,"Free School Ln, Halifax",HX1 2PS,53.71241,-1.86307,Advanced,Heath (CAL),69.6,55.68,2020,February
EN00005,Bread Making ,25/01/2020,25/01/2020,09:03:00,15:00:00,,,1,5,,,"Free School Ln, Halifax",HX1 2PS,53.71241,-1.86307,Beginners,Heath (CAL),39,31.2,2020,January
EN00013,Afternoon Tea,28/03/2020,28/03/2020,09:03:00,15:00:00,,,1,5,,,"Free School Ln, Halifax",HX1 2PS,53.71241,-1.86307,Beginners,Heath (CAL),39,31.2,2020,March
EN00014,Family History,01/10/2020,14/02/2020,10:00:00,12:00:00,,,6,12,,,"Free School Ln, Halifax",HX1 2PS,53.71241,-1.86307,Improvers,Heath (CAL),57.6,46.08,2020,October
EN00015,Cake Decorating - Sugar Flowers ,26/02/2020,01/04/2020,18:03:00,20:03:00,,,6,12,,,"Free School Ln, Halifax",HX1 2PS,53.71241,-1.86307,Specialised,Heath (CAL),102,81.6,2020,February
EN00016,Family History,02/08/2020,08/02/2020,10:00:00,16:00:00,,,1,5.5,,,"Free School Ln, Halifax",HX1 2PS,53.71241,-1.86307,Taster,Heath (CAL),20.9,16.72,2020,August
EN00017,Makeup: Asian Glamour,15/01/2020,15/01/2020,18:00:00,20:03:00,,,1,2.5,,,"Free School Ln, Halifax",HX1 2PS,53.71241,-1.86307,Workshop,Heath (CAL),19.5,15.6,2020,January
EN00018,Makeup: Asian Glamour,17/01/2020,17/01/2020,10:00:00,12:03:00,,,1,2.5,,,"Free School Ln, Halifax",HX1 2PS,53.71241,-1.86307,Workshop,Heath (CAL),19.5,15.6,2020,January
EN00019,Daytime Makeup ,29/01/2020,29/01/2020,18:00:00,20:03:00,,,1,2.5,,,"Free School Ln, Halifax",HX1 2PS,53.71241,-1.86307,Workshop,Heath (CAL),19.5,15.6,2020,January
EN00020,Daytime Makeup ,31/01/2020,31/01/2020,10:00:00,12:03:00,,,1,2.5,,,"Free School Ln, Halifax",HX1 2PS,53.71241,-1.86307,Workshop,Heath (CAL),19.5,15.6,2020,January
EN00021,Makeup: The Look of Love - Valentines Special,02/12/2020,12/02/2020,18:00:00,20:03:00,,,1,2.5,,,"Free School Ln, Halifax",HX1 2PS,53.71241,-1.86307,Workshop,Heath (CAL),19.5,15.6,2020,December
EN00022,Makeup: The Look of Love - Valentines Special,14/02/2020,14/02/2020,10:00:00,12:03:00,,,1,2.5,,,"Free School Ln, Halifax",HX1 2PS,53.71241,-1.86307,Workshop,Heath (CAL),19.5,15.6,2020,February
EN00023,Special Occasion/Glamorous Makeup ,26/02/2020,26/02/2020,18:00:00,20:03:00,,,1,2.5,,,"Free School Ln, Halifax",HX1 2PS,53.71241,-1.86307,Workshop,Heath (CAL),19.5,15.6,2020,February
EN00024,Special Occasion/Glamorous Makeup ,28/02/2020,28/02/2020,10:00:00,12:03:00,,,1,2.5,,,"Free School Ln, Halifax",HX1 2PS,53.71241,-1.86307,Workshop,Heath (CAL),19.5,15.6,2020,February
EN00025,Bridal/Guest Makeup,03/11/2020,11/03/2020,18:00:00,20:03:00,,,1,2.5,,,"Free School Ln, Halifax",HX1 2PS,53.71241,-1.86307,Workshop,Heath (CAL),19.5,15.6,2020,November
EN00026,Bridal/Guest Makeup,13/03/2020,13/03/2020,10:00:00,12:03:00,,,1,2.5,,,"Free School Ln, Halifax",HX1 2PS,53.71241,-1.86307,Workshop,Heath (CAL),19.5,15.6,2020,March
EN00027,Makeup: Mother & Daughter ,18/03/2020,18/03/2020,18:00:00,20:03:00,,,1,2.5,,,"Free School Ln, Halifax",HX1 2PS,53.71241,-1.86307,Workshop,Heath (CAL),19.5,15.6,2020,March
EN00028,Makeup: Mother & Daughter ,20/03/2020,20/03/2020,10:00:00,12:03:00,,,1,2.5,,,"Free School Ln, Halifax",HX1 2PS,53.71241,-1.86307,Workshop,Heath (CAL),19.5,15.6,2020,March
EN00029,Mediterranean Cooking ,16/05/2020,16/05/2020,09:03:00,15:00:00,,,1,5,,,"Free School Ln, Halifax",HX1 2PS,53.71241,-1.86307,Beginners,Heath (CAL),39,31.2,2020,May
EN00030,Makeup for Beginners,22/04/2020,03/06/2020,18:00:00,20:03:00,,,6,15,,,"Free School Ln, Halifax",HX1 2PS,53.71241,-1.86307,Beginners,Heath (CAL),117,93.6,2020,April
EN00031,Cake Decorating - Sugar Craft Workshop,22/04/2020,03/06/2020,18:03:00,20:03:00,,,6,12,,,"Free School Ln, Halifax",HX1 2PS,53.71241,-1.86307,Specialised,Heath (CAL),102,81.6,2020,April
EN00032,Cake Decorating ,06/10/2020,15/07/2020,18:03:00,20:03:00,,,6,12,,,"Free School Ln, Halifax",HX1 2PS,53.71241,-1.86307,Specialised,Heath (CAL),102,81.6,2020,October
EN00033,Family History,16/05/2020,16/05/2020,10:00:00,16:00:00,,,1,5.5,,,"Free School Ln, Halifax",HX1 2PS,53.71241,-1.86307,Taster,Heath (CAL),20.9,16.72,2020,May
EN00034,Makeup: Asian Glamour,24/04/2020,24/04/2020,10:00:00,12:03:00,,,1,2.5,,,"Free School Ln, Halifax",HX1 2PS,53.71241,-1.86307,Workshop,Heath (CAL),19.5,15.6,2020,April
EN00035,Daytime Makeup ,15/05/2020,15/05/2020,10:00:00,12:03:00,,,1,2.5,,,"Free School Ln, Halifax",HX1 2PS,53.71241,-1.86307,Workshop,Heath (CAL),19.5,15.6,2020,May
EN00036,Special Occasion/Glamorous Makeup ,06/05/2020,05/06/2020,10:00:00,12:03:00,,,1,2.5,,,"Free School Ln, Halifax",HX1 2PS,53.71241,-1.86307,Workshop,Heath (CAL),19.5,15.6,2020,May
EN00037,Bridal/Guest Makeup,06/12/2020,12/06/2020,10:00:00,12:03:00,,,1,2.5,,,"Free School Ln, Halifax",HX1 2PS,53.71241,-1.86307,Workshop,Heath (CAL),19.5,15.6,2020,December
EN00038,Makeup: Mother & Daughter ,26/06/2020,26/06/2020,10:00:00,12:03:00,,,1,2.5,,,"Free School Ln, Halifax",HX1 2PS,53.71241,-1.86307,Workshop,Heath (CAL),19.5,15.6,2020,June
GROUP F,Entry Level Functional Skills - English GROUP F (LD),24/02/2020,13/07/2020,13:00:00,15:03:00,,,18,45,,,"Free School Ln, Halifax",HX1 2PS,53.71241,-1.86307,LD,Heath (CAL),,,2020,February
IT00013,Introduction to iPad,01/07/2020,11/02/2020,10:00:00,12:00:00,,,6,12,,,"Free School Ln, Halifax",HX1 2PS,53.71241,-1.86307,Beginners,Heath (CAL),45.6,36.48,2020,July
IT00015,Introduction to Android Tablets,25/02/2020,31/03/2020,10:00:00,12:00:00,,,6,12,,,"Free School Ln, Halifax",HX1 2PS,53.71241,-1.86307,Beginners,Heath (CAL),45.6,36.48,2020,February
IT00017,Using Word & Excel,01/08/2020,12/02/2020,13:00:00,15:03:00,,,6,15,,,"Free School Ln, Halifax",HX1 2PS,53.71241,-1.86307,Beginners,Heath (CAL),57,45.6,2020,August
IT00018,Using Computers for Job Search and Universal Skills,01/10/2020,14/02/2020,10:00:00,12:03:00,,,6,15,,,"Free School Ln, Halifax",HX1 2PS,53.71241,-1.86307,Beginners,Heath (CAL),57,45.6,2020,October
IT00019,Step Up to Using IT,01/09/2020,02/04/2020,18:00:00,20:00:00,,,12,24,,,"Free School Ln, Halifax",HX1 2PS,53.71241,-1.86307,Beginners,Heath (CAL),91.2,72.96,2020,September
IT00020,Using Word & Excel,26/02/2020,01/04/2020,13:00:00,15:03:00,,,6,15,,,"Free School Ln, Halifax",HX1 2PS,53.71241,-1.86307,Improvers,Heath (CAL),72,57.6,2020,February
IT00021,Improvers- Computing,01/07/2020,31/03/2020,13:03:00,15:03:00,,,12,24,,,"Free School Ln, Halifax",HX1 2PS,53.71241,-1.86307,Improvers,Heath (CAL),115.2,92.16,2020,July
IT00022,Using Computers for Job Search and Universal Skills,30/04/2020,11/06/2020,10:00:00,12:03:00,,,6,15,,,"Free School Ln, Halifax",HX1 2PS,53.71241,-1.86307,Beginners,Heath (CAL),57,45.6,2020,April
IT00023,Beginners- Computing,21/04/2020,14/07/2020,10:00:00,12:00:00,,,12,24,,,"Free School Ln, Halifax",HX1 2PS,53.71241,-1.86307,Beginners,Heath (CAL),91.2,72.96,2020,April
IT00026,Excel - Spreadsheet Software L1 ,21/04/2020,14/07/2020,13:00:00,15:03:00,,,12,30,,,"Free School Ln, Halifax",HX1 2PS,53.71241,-1.86307,L1,Heath (CAL),75,60,2020,April
IT00027,Word Processing L1,22/04/2020,15/07/2020,12:03:00,15:00:00,,,12,30,,,"Free School Ln, Halifax",HX1 2PS,53.71241,-1.86307,L1,Heath (CAL),75,60,2020,April
LD00021,Intro to Digital Photography,01/06/2020,10/02/2020,13:00:00,15:00:00,,,6,12,,,"Free School Ln, Halifax",HX1 2PS,53.71241,-1.86307,LD,Heath (CAL),25,20,2020,June
LD00022,PowerPoint Presentations,24/02/2020,30/03/2020,13:00:00,15:00:00,,,6,12,,,"Free School Ln, Halifax",HX1 2PS,53.71241,-1.86307,LD,Heath (CAL),25,20,2020,February
LD00023,"Healthy Lives, Healthy Minds ",01/06/2020,10/02/2020,10:00:00,12:00:00,,,6,12,,,"Free School Ln, Halifax",HX1 2PS,53.71241,-1.86307,LD,Heath (CAL),25,20,2020,June
LD00024,Manga Illustration,01/07/2020,11/02/2020,10:00:00,12:03:00,,,6,15,,,"Free School Ln, Halifax",HX1 2PS,53.71241,-1.86307,LD,Heath (CAL),65,52,2020,July
LD00025,Noisy Art,01/09/2020,13/02/2020,13:03:00,16:00:00,,,6,15,,,"Free School Ln, Halifax",HX1 2PS,53.71241,-1.86307,LD,Heath (CAL),65,52,2020,September
LD00026,Computing - Beginners,01/06/2020,30/03/2020,10:00:00,12:00:00,,,12,24,,,"Free School Ln, Halifax",HX1 2PS,53.71241,-1.86307,LD,Heath (CAL),75,60,2020,June
LD00027,LD - English,01/08/2020,01/04/2020,10:00:00,12:00:00,,,12,24,,,"Halifax Riad, Brighouse",HD6 2AF,53.70397,-1.78604,LD,Brighouse library,,,2020,August
LD00028,LD - Maths,01/08/2020,01/04/2020,13:00:00,15:00:00,,,12,24,,,"Halifax Riad, Brighouse",HD6 2AF,53.70397,-1.78604,LD,Brighouse library,,,2020,August
LD00029,LD - English,01/09/2020,02/04/2020,13:03:00,15:03:00,,,12,24,,,"Free School Ln, Halifax",HX1 2PS,53.71241,-1.86307,LD,Heath (CAL),,,2020,September
LD00030,Art - Five Day Offer,01/06/2020,30/03/2020,13:03:00,16:00:00,,,12,30,,,"Free School Ln, Halifax",HX1 2PS,53.71241,-1.86307,LD,Heath (CAL),97.5,78,2020,June
LD00031,Upcycled Wall Art,01/08/2020,01/04/2020,10:00:00,12:03:00,,,12,30,,,"Free School Ln, Halifax",HX1 2PS,53.71241,-1.86307,LD,Heath (CAL),97.5,78,2020,August
LD00032,Clay Sculpting and Plaster Casting,01/08/2020,01/04/2020,13:03:00,16:00:00,,,12,30,,,"Free School Ln, Halifax",HX1 2PS,53.71241,-1.86307,LD,Heath (CAL),97.5,78,2020,August
LD00033,Drama,01/08/2020,01/04/2020,10:00:00,12:03:00,,,12,30,,,"Free School Ln, Halifax",HX1 2PS,53.71241,-1.86307,LD,Heath (CAL),84,67.2,2020,August
LD00034,Famous Artists & their Paintings,01/09/2020,02/04/2020,10:00:00,12:03:00,,,12,30,,,"Free School Ln, Halifax",HX1 2PS,53.71241,-1.86307,LD,Heath (CAL),97.5,78,2020,September
LD00035,Healthy Approach to Baking,01/07/2020,31/03/2020,09:03:00,12:03:00,,,12,36,,,"Free School Ln, Halifax",HX1 2PS,53.71241,-1.86307,LD,Heath (CAL),97.5,78,2020,July
LD00036,Healthy Approach to Cooking  ,01/07/2020,31/03/2020,13:03:00,15:03:00,,,12,24,,,"Free School Ln, Halifax",HX1 2PS,53.71241,-1.86307,LD,Heath (CAL),97.5,78,2020,July
LD00037,Healthy Winter Cooking,01/08/2020,01/04/2020,14:03:00,17:00:00,,,12,30,,,"Free School Ln, Halifax",HX1 2PS,53.71241,-1.86307,LD,Heath (CAL),97.5,78,2020,August
LD00038,Healthy Approach to Cooking & Eating,01/09/2020,02/04/2020,09:03:00,12:03:00,,,12,36,,,"Free School Ln, Halifax",HX1 2PS,53.71241,-1.86307,LD,Heath (CAL),97.5,78,2020,September
LD00039,Learn to Draw and Sketch,21/04/2020,02/06/2020,10:00:00,12:03:00,,,6,15,,,"Free School Ln, Halifax",HX1 2PS,53.71241,-1.86307,LD,Heath (CAL),65,52,2020,April
LD00040,Instrument Making,23/04/2020,04/06/2020,13:03:00,16:00:00,,,6,15,,,"Free School Ln, Halifax",HX1 2PS,53.71241,-1.86307,LD,Heath (CAL),65,52,2020,April
LD00041,Computing - Improvers,20/04/2020,29/06/2020,10:00:00,12:00:00,,,10,20,,,"Free School Ln, Halifax",HX1 2PS,53.71241,-1.86307,LD,Heath (CAL),50,40,2020,April
LD00042,Coding Using Scratch -Beginners,20/04/2020,29/06/2020,13:00:00,15:00:00,,,10,20,,,"Free School Ln, Halifax",HX1 2PS,53.71241,-1.86307,LD,Heath (CAL),50,40,2020,April
LD00043,LD - English,22/04/2020,01/07/2020,10:00:00,12:00:00,,,12,24,,,"Halifax Riad, Brighouse",HD6 2AF,53.70397,-1.78604,LD,Brighouse library,,,2020,April
LD00044,LD - Maths,22/04/2020,01/07/2020,13:00:00,15:00:00,,,12,24,,,"Halifax Riad, Brighouse",HD6 2AF,53.70397,-1.78604,LD,Brighouse library,,,2020,April
LD00045,LD - English,23/04/2020,16/07/2020,13:03:00,15:03:00,,,12,24,,,"Free School Ln, Halifax",HX1 2PS,53.71241,-1.86307,LD,Heath (CAL),,,2020,April
LD00046,"Healthy Lives, Healthy Minds ",20/04/2020,01/06/2020,10:00:00,12:00:00,,,6,24,,,"Free School Ln, Halifax",HX1 2PS,53.71241,-1.86307,LD,Heath (CAL),25,20,2020,April
LD00047,Art - Five Day Offer,20/04/2020,13/07/2020,13:03:00,16:00:00,,,12,30,,,"Free School Ln, Halifax",HX1 2PS,53.71241,-1.86307,LD,Heath (CAL),97.5,78,2020,April
LD00048,Healthy Approach to Cooking  ,21/04/2020,14/07/2020,13:03:00,15:03:00,,,12,30,,,"Free School Ln, Halifax",HX1 2PS,53.71241,-1.86307,LD,Heath (CAL),97.5,78,2020,April
LD00049,Upcycling Art and Sculpture,22/04/2020,15/07/2020,10:00:00,12:03:00,,,12,30,,,"Free School Ln, Halifax",HX1 2PS,53.71241,-1.86307,LD,Heath (CAL),97.5,78,2020,April
LD00050,Puppet Making Workshop,22/04/2020,15/07/2020,13:03:00,16:00:00,,,12,30,,,"Free School Ln, Halifax",HX1 2PS,53.71241,-1.86307,LD,Heath (CAL),97.5,78,2020,April
LD00051,Drama,22/04/2020,15/07/2020,10:00:00,12:03:00,,,12,30,,,"Free School Ln, Halifax",HX1 2PS,53.71241,-1.86307,LD,Heath (CAL),84,67.2,2020,April
LD00052,Famous Artists & their Paintings,23/04/2020,16/07/2020,10:00:00,12:03:00,,,12,30,,,"Free School Ln, Halifax",HX1 2PS,53.71241,-1.86307,LD,Heath (CAL),97.5,78,2020,April
LD00053,Healthy Approach to Baking,21/04/2020,14/07/2020,09:03:00,12:03:00,,,12,36,,,"Free School Ln, Halifax",HX1 2PS,53.71241,-1.86307,LD,Heath (CAL),97.5,78,2020,April
LD00054,Healthy Approach to Cooking & Eating,23/04/2020,16/07/2020,09:03:00,12:03:00,,,12,36,,,"Free School Ln, Halifax",HX1 2PS,53.71241,-1.86307,LD,Heath (CAL),97.5,78,2020,April
LD00055,Textiles,01/10/2020,03/04/2020,10:00:00,12:03:00,,,12,30,,,"Free School Ln, Halifax",HX1 2PS,53.71241,-1.86307,LD,Heath (CAL),97.5,78,2020,October
LD00056,Therapeutic Art,01/10/2020,03/04/2020,13:03:00,16:00:00,,,12,30,,,"Free School Ln, Halifax",HX1 2PS,53.71241,-1.86307,LD,Heath (CAL),97.5,78,2020,October
LD00057,Visual Storytelling,24/04/2020,10/07/2020,10:00:00,12:03:00,,,10,25,,,"Free School Ln, Halifax",HX1 2PS,53.71241,-1.86307,LD,Heath (CAL),97.5,78,2020,April
LD00058,Therapeutic Art,24/04/2020,10/07/2020,13:03:00,16:00:00,,,10,25,,,"Free School Ln, Halifax",HX1 2PS,53.71241,-1.86307,LD,Heath (CAL),97.5,78,2020,April
ML00003,Italian - Beginners,17/09/2019,04/02/2020,10:00:00,12:00:00,,,18,36,,,"Free School Ln, Halifax",HX1 2PS,53.71241,-1.86307,Beginners,Heath (CAL),136.8,109.44,2019,September
ML00004,Italian - Beginners,17/09/2019,04/02/2020,13:00:00,15:00:00,,,18,36,,,"Free School Ln, Halifax",HX1 2PS,53.71241,-1.86307,Beginners,Heath (CAL),136.8,109.44,2019,September
ML00005,Italian - Improvers,16/09/2019,03/02/2020,10:00:00,12:00:00,,,18,36,,,"Free School Ln, Halifax",HX1 2PS,53.71241,-1.86307,Improvers,Heath (CAL),172.8,138.24,2019,September
ML00006,Italian - Advanced,19/09/2019,06/02/2020,10:00:00,12:00:00,,,18,36,,,"Free School Ln, Halifax",HX1 2PS,53.71241,-1.86307,Advanced,Heath (CAL),208.8,167.04,2019,September
ML00016,Spanish ,01/07/2020,31/03/2020,18:03:00,20:03:00,,,12,24,,,"Free School Ln, Halifax",HX1 2PS,53.71241,-1.86307,Advanced,Heath (CAL),139.2,111.36,2020,July
ML00017,Spanish ,01/08/2020,01/04/2020,10:00:00,12:00:00,,,12,24,,,"Free School Ln, Halifax",HX1 2PS,53.71241,-1.86307,Advanced,Heath (CAL),139.2,111.36,2020,August
ML00018,Italian,24/02/2020,13/07/2020,10:00:00,12:00:00,,,18,36,,,"Free School Ln, Halifax",HX1 2PS,53.71241,-1.86307,Advanced,Heath (CAL),208.8,167.04,2020,February
ML00019,Spanish ,01/06/2020,30/03/2020,13:00:00,15:00:00,,,12,24,,,"Free School Ln, Halifax",HX1 2PS,53.71241,-1.86307,Beginners,Heath (CAL),91.2,72.96,2020,June
ML00020,Italian ,27/02/2020,16/07/2020,13:00:00,15:00:00,,,18,36,,,"Free School Ln, Halifax",HX1 2PS,53.71241,-1.86307,Beginners,Heath (CAL),136.8,109.44,2020,February
ML00021,Spanish ,01/09/2020,02/04/2020,13:00:00,15:00:00,,,12,24,,,"Free School Ln, Halifax",HX1 2PS,53.71241,-1.86307,Improvers,Heath (CAL),115.2,92.16,2020,September
ML00022,Spanish ,01/09/2020,02/04/2020,18:03:00,20:03:00,,,12,24,,,"Free School Ln, Halifax",HX1 2PS,53.71241,-1.86307,Improvers,Heath (CAL),115.2,92.16,2020,September
ML00023,Italian ,25/02/2020,14/07/2020,10:00:00,12:00:00,,,18,36,,,"Free School Ln, Halifax",HX1 2PS,53.71241,-1.86307,Improvers,Heath (CAL),172.8,138.24,2020,February
ML00024,Italian ,25/02/2020,14/07/2020,13:00:00,15:00:00,,,18,36,,,"Free School Ln, Halifax",HX1 2PS,53.71241,-1.86307,Improvers,Heath (CAL),172.8,138.24,2020,February
ML00025,Spanish - Learning Group,01/07/2020,17/03/2020,13:00:00,15:00:00,,,10,20,,,"Free School Ln, Halifax",HX1 2PS,53.71241,-1.86307,Specialised,Heath (CAL),170,136,2020,July
ML00026,Spanish - Learning Group,01/08/2020,18/03/2020,13:00:00,15:00:00,,,10,20,,,"Free School Ln, Halifax",HX1 2PS,53.71241,-1.86307,Specialised,Heath (CAL),170,136,2020,August
ML00027,Latin - Learning Group,01/10/2020,20/03/2020,10:00:00,12:00:00,,,10,20,,,"Free School Ln, Halifax",HX1 2PS,53.71241,-1.86307,Specialised,Heath (CAL),170,136,2020,October
ML00028,Italian - Learning Group,27/02/2020,14/05/2020,10:00:00,12:00:00,,,10,20,,,"Free School Ln, Halifax",HX1 2PS,53.71241,-1.86307,Specialised,Heath (CAL),170,136,2020,February
ML00029,Italian ,13/02/2020,13/02/2020,10:00:00,12:00:00,,,1,2,,,"Free School Ln, Halifax",HX1 2PS,53.71241,-1.86307,Taster,Heath (CAL),7.6,0,2020,February
ML00030,Italian ,17/02/2020,17/02/2020,10:00:00,12:00:00,,,1,2,,,"Free School Ln, Halifax",HX1 2PS,53.71241,-1.86307,Taster,Heath (CAL),7.6,0,2020,February
ML00031,Spanish ,23/04/2020,16/07/2020,13:00:00,15:00:00,,,12,24,,,"Free School Ln, Halifax",HX1 2PS,53.71241,-1.86307,Advanced,Heath (CAL),139.2,111.36,2020,April
ML00032,Spanish ,23/04/2020,16/07/2020,18:03:00,20:03:00,,,12,24,,,"Free School Ln, Halifax",HX1 2PS,53.71241,-1.86307,Advanced,Heath (CAL),139.2,111.36,2020,April
ML00033,Summer Spanish,22/04/2020,03/06/2020,18:03:00,20:03:00,,,6,12,,,"Free School Ln, Halifax",HX1 2PS,53.71241,-1.86307,Beginners,Heath (CAL),45.6,36.48,2020,April
ML00034,Spanish ,20/04/2020,13/07/2020,13:00:00,15:00:00,,,12,24,,,"Free School Ln, Halifax",HX1 2PS,53.71241,-1.86307,Improvers,Heath (CAL),115.2,92.16,2020,April
ML00035,Italian ,21/05/2020,02/07/2020,10:00:00,12:00:00,,,6,12,,,"Free School Ln, Halifax",HX1 2PS,53.71241,-1.86307,Specialised,Heath (CAL),102,81.6,2020,May
ML00036,Spanish - Learning Group,21/04/2020,30/06/2020,18:03:00,20:03:00,,,10,20,,,"Free School Ln, Halifax",HX1 2PS,53.71241,-1.86307,Specialised,Heath (CAL),170,136,2020,April
ML00037,Spanish - Learning Group,21/04/2020,30/06/2020,13:00:00,15:00:00,,,10,20,,,"Free School Ln, Halifax",HX1 2PS,53.71241,-1.86307,Specialised,Heath (CAL),170,136,2020,April
ML00038,Spanish - Learning Group,22/04/2020,01/07/2020,10:00:00,12:00:00,,,10,20,,,"Free School Ln, Halifax",HX1 2PS,53.71241,-1.86307,Specialised,Heath (CAL),170,136,2020,April
ML00039,Spanish - Learning Group,22/04/2020,01/07/2020,13:00:00,15:00:00,,,10,20,,,"Free School Ln, Halifax",HX1 2PS,53.71241,-1.86307,Specialised,Heath (CAL),170,136,2020,April
SE00004,Working as a Door Supervisor within the Private Security Industry,20/04/2020,24/04/2020,09:00:00,17:00:00,,,1,40,,,"Free School Ln, Halifax",HX1 2PS,53.71241,-1.86307,L2,Heath (CAL),300,0,2020,April
SE00005,Working as a Door Supervisor within the Private Security Industry,15/06/2020,19/06/2020,09:00:00,17:00:00,,,1,40,,,"Free School Ln, Halifax",HX1 2PS,53.71241,-1.86307,L2,Heath (CAL),300,0,2020,June
WP00020,Dyslexia Awareness,28/02/2020,06/03/2020,09:03:00,15:00:00,,,2,10,,,"Free School Ln, Halifax",HX1 2PS,53.71241,-1.86307,L1,Heath (CAL),28,0,2020,February
WP00021,Emergency First Aid at Work,29/02/2020,29/02/2020,09:00:00,16:03:00,,,1,7,,,"Free School Ln, Halifax",HX1 2PS,53.71241,-1.86307,L3,Heath (CAL),42,0,2020,February
WP00022,Paediatric First Aid,25/01/2020,01/02/2020,09:00:00,16:03:00,,,2,14,,,"Free School Ln, Halifax",HX1 2PS,53.71241,-1.86307,L3,Heath (CAL),65,0,2020,January
WP00023,First Aid at Work,15/01/2020,17/01/2020,09:00:00,16:03:00,,,1,21,,,"Free School Ln, Halifax",HX1 2PS,53.71241,-1.86307,L3,Heath (CAL),100,0,2020,January
WP00024,Food Safety,13/05/2020,20/05/2020,09:03:00,15:00:00,,,2,10,,,"Free School Ln, Halifax",HX1 2PS,53.71241,-1.86307,L2,Heath (CAL),65,0,2020,May
WP00025,Food Safety,06/03/2020,10/06/2020,09:03:00,15:00:00,,,2,10,,,"Free School Ln, Halifax",HX1 2PS,53.71241,-1.86307,L2,Heath (CAL),65,0,2020,March
WP00026,Emergency First Aid at Work,13/06/2020,13/06/2020,09:00:00,16:03:00,,,1,7,,,"Free School Ln, Halifax",HX1 2PS,53.71241,-1.86307,L3,Heath (CAL),42,0,2020,June
WP00027,First Aid at Work Refresher (Re-qualification),23/07/2020,24/07/2020,09:00:00,16:03:00,,,1,14,,,"Free School Ln, Halifax",HX1 2PS,53.71241,-1.86307,L3,Heath (CAL),65,0,2020,July
WP00028,Paediatric First Aid,16/05/2020,23/05/2020,09:00:00,16:03:00,,,2,14,,,"Free School Ln, Halifax",HX1 2PS,53.71241,-1.86307,L3,Heath (CAL),65,0,2020,May
